{
  "model_id": "Qwen/Qwen2.5-0.5B-Instruct",
  "num_prompts": 1,
  "max_new_tokens": 4,
  "batch_size": 1,
  "ttft_seconds": 0.0659309159964323,
  "total_time_seconds": 0.33565733302384615,
  "tokens_per_second": 11.91691527774794,
  "peak_memory_mb": 1997.140625,
  "generated_texts": [
    "\n\nI am trying"
  ]
}