{
  "model_id": "Qwen/Qwen2.5-0.5B-Instruct",
  "num_prompts": 1,
  "max_new_tokens": 4,
  "batch_size": 1,
  "ttft_seconds": 0.12010987498797476,
  "total_time_seconds": 0.4451983330072835,
  "tokens_per_second": 8.984759608106078,
  "peak_memory_mb": 2026.328125,
  "generated_texts": [
    ": \n\nWrite a"
  ]
}