{
  "model_id": "Qwen/Qwen2.5-0.5B-Instruct",
  "num_prompts": 1,
  "max_new_tokens": 4,
  "batch_size": 1,
  "ttft_seconds": 0.06113479100167751,
  "total_time_seconds": 0.3217881250893697,
  "tokens_per_second": 12.430539501384914,
  "peak_memory_mb": 2036.734375,
  "generated_texts": [
    "\n\nI am trying"
  ]
}