{
  "model_id": "Qwen/Qwen2.5-0.5B-Instruct",
  "num_prompts": 2,
  "max_new_tokens": 8,
  "batch_size": 1,
  "ttft_seconds": 0.9804779168916866,
  "total_time_seconds": 2.714063207968138,
  "tokens_per_second": 5.895220108738099,
  "peak_memory_mb": 0.07654094696044922,
  "generated_texts": [
    " Alex and I am a 17",
    " Paris. It was founded in 7"
  ]
}