{
  "model_id": "Qwen/Qwen2.5-0.5B-Instruct",
  "num_prompts": 1,
  "max_new_tokens": 4,
  "batch_size": 1,
  "ttft_seconds": 0.11730500007979572,
  "total_time_seconds": 0.41209137497935444,
  "tokens_per_second": 9.706585099482846,
  "peak_memory_mb": 2046.03125,
  "generated_texts": [
    ": \n\nWrite a"
  ]
}